{"images": [{"id": 20180000001, "file_name": "vlcsnap-00020.jpg", "width": 800, "height": 450}, {"id": 20180000002, "file_name": "vlcsnap-00003.jpg", "width": 800, "height": 450}, {"id": 20180000003, "file_name": "vlcsnap-00029.jpg", "width": 800, "height": 450}, {"id": 20180000004, "file_name": "vlcsnap-00026.jpg", "width": 800, "height": 450}, {"id": 20180000005, "file_name": "vlcsnap-00022.jpg", "width": 800, "height": 450}, {"id": 20180000006, "file_name": "vlcsnap-00014.jpg", "width": 800, "height": 450}, {"id": 20180000007, "file_name": "vlcsnap-00002.jpg", "width": 800, "height": 450}, {"id": 20180000008, "file_name": "vlcsnap-00013.jpg", "width": 800, "height": 450}, {"id": 20180000009, "file_name": "vlcsnap-00034.jpg", "width": 800, "height": 450}, {"id": 20180000010, "file_name": "vlcsnap-00001.jpg", "width": 800, "height": 450}, {"id": 20180000011, "file_name": "vlcsnap-00024.jpg", "width": 800, "height": 450}, {"id": 20180000012, "file_name": "vlcsnap-00018.jpg", "width": 800, "height": 450}, {"id": 20180000013, "file_name": "vlcsnap-00031.jpg", "width": 800, "height": 450}, {"id": 20180000014, "file_name": "vlcsnap-00035.jpg", "width": 800, "height": 450}, {"id": 20180000015, "file_name": "vlcsnap-00025.jpg", "width": 800, "height": 450}, {"id": 20180000016, "file_name": "vlcsnap-00027.jpg", "width": 800, "height": 450}, {"id": 20180000017, "file_name": "vlcsnap-00012.jpg", "width": 800, "height": 450}, {"id": 20180000018, "file_name": "vlcsnap-00007.jpg", "width": 800, "height": 450}, {"id": 20180000019, "file_name": "vlcsnap-00006.jpg", "width": 800, "height": 450}, {"id": 20180000020, "file_name": "vlcsnap-00032.jpg", "width": 800, "height": 450}, {"id": 20180000021, "file_name": "vlcsnap-00005.jpg", "width": 800, "height": 450}, {"id": 20180000022, "file_name": "vlcsnap-00004.jpg", "width": 800, "height": 450}, {"id": 20180000023, "file_name": "vlcsnap-00021.jpg", "width": 800, "height": 450}, {"id": 20180000024, "file_name": "vlcsnap-00028.jpg", "width": 800, "height": 450}, {"id": 20180000025, "file_name": "vlcsnap-00011.jpg", "width": 800, "height": 450}, {"id": 20180000026, "file_name": "vlcsnap-00033.jpg", "width": 800, "height": 450}, {"id": 20180000027, "file_name": "vlcsnap-00008.jpg", "width": 800, "height": 450}, {"id": 20180000028, "file_name": "vlcsnap-00030.jpg", "width": 800, "height": 450}, {"id": 20180000029, "file_name": "vlcsnap-00017.jpg", "width": 800, "height": 450}, {"id": 20180000030, "file_name": "vlcsnap-00019.jpg", "width": 800, "height": 450}, {"id": 20180000031, "file_name": "vlcsnap-00023.jpg", "width": 800, "height": 450}, {"id": 20180000032, "file_name": "vlcsnap-00009.jpg", "width": 800, "height": 450}, {"id": 20180000033, "file_name": "vlcsnap-00010.jpg", "width": 800, "height": 450}], "type": "instances", "annotations": [{"segmentation": [[441, 122, 441, 145, 472, 145, 472, 122]], "area": 713, "iscrowd": 0, "ignore": 0, "image_id": 20180000001, "bbox": [441, 122, 31, 23], "category_id": 1, "id": 1}, {"segmentation": [[539, 141, 539, 167, 561, 167, 561, 141]], "area": 572, "iscrowd": 0, "ignore": 0, "image_id": 20180000001, "bbox": [539, 141, 22, 26], "category_id": 1, "id": 2}, {"segmentation": [[618, 141, 618, 164, 637, 164, 637, 141]], "area": 437, "iscrowd": 0, "ignore": 0, "image_id": 20180000001, "bbox": [618, 141, 19, 23], "category_id": 1, "id": 3}, {"segmentation": [[72, 167, 72, 194, 114, 194, 114, 167]], "area": 1134, "iscrowd": 0, "ignore": 0, "image_id": 20180000002, "bbox": [72, 167, 42, 27], "category_id": 2, "id": 4}, {"segmentation": [[234, 130, 234, 153, 271, 153, 271, 130]], "area": 851, "iscrowd": 0, "ignore": 0, "image_id": 20180000003, "bbox": [234, 130, 37, 23], "category_id": 2, "id": 5}, {"segmentation": [[591, 97, 591, 119, 620, 119, 620, 97]], "area": 638, "iscrowd": 0, "ignore": 0, "image_id": 20180000003, "bbox": [591, 97, 29, 22], "category_id": 1, "id": 6}, {"segmentation": [[141, 146, 141, 166, 174, 166, 174, 146]], "area": 660, "iscrowd": 0, "ignore": 0, "image_id": 20180000004, "bbox": [141, 146, 33, 20], "category_id": 2, "id": 7}, {"segmentation": [[542, 143, 542, 163, 574, 163, 574, 143]], "area": 640, "iscrowd": 0, "ignore": 0, "image_id": 20180000004, "bbox": [542, 143, 32, 20], "category_id": 1, "id": 8}, {"segmentation": [[604, 142, 604, 159, 640, 159, 640, 142]], "area": 612, "iscrowd": 0, "ignore": 0, "image_id": 20180000004, "bbox": [604, 142, 36, 17], "category_id": 2, "id": 9}, {"segmentation": [[56, 162, 56, 188, 90, 188, 90, 162]], "area": 884, "iscrowd": 0, "ignore": 0, "image_id": 20180000005, "bbox": [56, 162, 34, 26], "category_id": 2, "id": 10}, {"segmentation": [[546, 138, 546, 167, 581, 167, 581, 138]], "area": 1015, "iscrowd": 0, "ignore": 0, "image_id": 20180000005, "bbox": [546, 138, 35, 29], "category_id": 1, "id": 11}, {"segmentation": [[436, 107, 436, 126, 463, 126, 463, 107]], "area": 513, "iscrowd": 0, "ignore": 0, "image_id": 20180000005, "bbox": [436, 107, 27, 19], "category_id": 1, "id": 12}, {"segmentation": [[626, 134, 626, 159, 652, 159, 652, 134]], "area": 650, "iscrowd": 0, "ignore": 0, "image_id": 20180000005, "bbox": [626, 134, 26, 25], "category_id": 1, "id": 13}, {"segmentation": [[305, 113, 305, 133, 334, 133, 334, 113]], "area": 580, "iscrowd": 0, "ignore": 0, "image_id": 20180000006, "bbox": [305, 113, 29, 20], "category_id": 1, "id": 14}, {"segmentation": [[672, 174, 672, 197, 705, 197, 705, 174]], "area": 759, "iscrowd": 0, "ignore": 0, "image_id": 20180000006, "bbox": [672, 174, 33, 23], "category_id": 2, "id": 15}, {"segmentation": [[695, 128, 695, 151, 730, 151, 730, 128]], "area": 805, "iscrowd": 0, "ignore": 0, "image_id": 20180000006, "bbox": [695, 128, 35, 23], "category_id": 2, "id": 16}, {"segmentation": [[606, 290, 606, 354, 660, 354, 660, 290]], "area": 3456, "iscrowd": 0, "ignore": 0, "image_id": 20180000007, "bbox": [606, 290, 54, 64], "category_id": 3, "id": 17}, {"segmentation": [[679, 172, 679, 199, 727, 199, 727, 172]], "area": 1296, "iscrowd": 0, "ignore": 0, "image_id": 20180000008, "bbox": [679, 172, 48, 27], "category_id": 2, "id": 18}, {"segmentation": [[714, 147, 714, 167, 748, 167, 748, 147]], "area": 680, "iscrowd": 0, "ignore": 0, "image_id": 20180000008, "bbox": [714, 147, 34, 20], "category_id": 2, "id": 19}, {"segmentation": [[547, 104, 547, 126, 573, 126, 573, 104]], "area": 572, "iscrowd": 0, "ignore": 0, "image_id": 20180000009, "bbox": [547, 104, 26, 22], "category_id": 1, "id": 20}, {"segmentation": [[141, 133, 141, 167, 181, 167, 181, 133]], "area": 1360, "iscrowd": 0, "ignore": 0, "image_id": 20180000009, "bbox": [141, 133, 40, 34], "category_id": 4, "id": 21}, {"segmentation": [[582, 145, 582, 187, 615, 187, 615, 145]], "area": 1386, "iscrowd": 0, "ignore": 0, "image_id": 20180000009, "bbox": [582, 145, 33, 42], "category_id": 3, "id": 22}, {"segmentation": [[35, 174, 35, 203, 70, 203, 70, 174]], "area": 1015, "iscrowd": 0, "ignore": 0, "image_id": 20180000010, "bbox": [35, 174, 35, 29], "category_id": 2, "id": 23}, {"segmentation": [[91, 143, 91, 171, 129, 171, 129, 143]], "area": 1064, "iscrowd": 0, "ignore": 0, "image_id": 20180000011, "bbox": [91, 143, 38, 28], "category_id": 2, "id": 24}, {"segmentation": [[434, 117, 434, 137, 454, 137, 454, 117]], "area": 400, "iscrowd": 0, "ignore": 0, "image_id": 20180000011, "bbox": [434, 117, 20, 20], "category_id": 1, "id": 25}, {"segmentation": [[530, 122, 530, 143, 554, 143, 554, 122]], "area": 504, "iscrowd": 0, "ignore": 0, "image_id": 20180000011, "bbox": [530, 122, 24, 21], "category_id": 1, "id": 26}, {"segmentation": [[613, 127, 613, 147, 635, 147, 635, 127]], "area": 440, "iscrowd": 0, "ignore": 0, "image_id": 20180000011, "bbox": [613, 127, 22, 20], "category_id": 1, "id": 27}, {"segmentation": [[464, 119, 464, 142, 493, 142, 493, 119]], "area": 667, "iscrowd": 0, "ignore": 0, "image_id": 20180000012, "bbox": [464, 119, 29, 23], "category_id": 1, "id": 28}, {"segmentation": [[643, 147, 643, 174, 672, 174, 672, 147]], "area": 783, "iscrowd": 0, "ignore": 0, "image_id": 20180000012, "bbox": [643, 147, 29, 27], "category_id": 1, "id": 29}, {"segmentation": [[551, 146, 551, 168, 585, 168, 585, 146]], "area": 748, "iscrowd": 0, "ignore": 0, "image_id": 20180000012, "bbox": [551, 146, 34, 22], "category_id": 2, "id": 30}, {"segmentation": [[323, 132, 323, 155, 366, 155, 366, 132]], "area": 989, "iscrowd": 0, "ignore": 0, "image_id": 20180000013, "bbox": [323, 132, 43, 23], "category_id": 2, "id": 31}, {"segmentation": [[559, 110, 559, 137, 580, 137, 580, 110]], "area": 567, "iscrowd": 0, "ignore": 0, "image_id": 20180000013, "bbox": [559, 110, 21, 27], "category_id": 1, "id": 32}, {"segmentation": [[608, 126, 608, 151, 632, 151, 632, 126]], "area": 600, "iscrowd": 0, "ignore": 0, "image_id": 20180000013, "bbox": [608, 126, 24, 25], "category_id": 1, "id": 33}, {"segmentation": [[700, 147, 700, 168, 747, 168, 747, 147]], "area": 987, "iscrowd": 0, "ignore": 0, "image_id": 20180000013, "bbox": [700, 147, 47, 21], "category_id": 2, "id": 34}, {"segmentation": [[543, 101, 543, 125, 572, 125, 572, 101]], "area": 696, "iscrowd": 0, "ignore": 0, "image_id": 20180000014, "bbox": [543, 101, 29, 24], "category_id": 1, "id": 35}, {"segmentation": [[42, 135, 42, 177, 100, 177, 100, 135]], "area": 2436, "iscrowd": 0, "ignore": 0, "image_id": 20180000014, "bbox": [42, 135, 58, 42], "category_id": 4, "id": 36}, {"segmentation": [[615, 155, 615, 196, 655, 196, 655, 155]], "area": 1640, "iscrowd": 0, "ignore": 0, "image_id": 20180000014, "bbox": [615, 155, 40, 41], "category_id": 3, "id": 37}, {"segmentation": [[432, 117, 432, 139, 459, 139, 459, 117]], "area": 594, "iscrowd": 0, "ignore": 0, "image_id": 20180000015, "bbox": [432, 117, 27, 22], "category_id": 1, "id": 38}, {"segmentation": [[526, 133, 526, 156, 556, 156, 556, 133]], "area": 690, "iscrowd": 0, "ignore": 0, "image_id": 20180000015, "bbox": [526, 133, 30, 23], "category_id": 1, "id": 39}, {"segmentation": [[605, 134, 605, 157, 628, 157, 628, 134]], "area": 529, "iscrowd": 0, "ignore": 0, "image_id": 20180000015, "bbox": [605, 134, 23, 23], "category_id": 1, "id": 40}, {"segmentation": [[170, 148, 170, 170, 209, 170, 209, 148]], "area": 858, "iscrowd": 0, "ignore": 0, "image_id": 20180000016, "bbox": [170, 148, 39, 22], "category_id": 2, "id": 41}, {"segmentation": [[637, 142, 637, 163, 680, 163, 680, 142]], "area": 903, "iscrowd": 0, "ignore": 0, "image_id": 20180000016, "bbox": [637, 142, 43, 21], "category_id": 2, "id": 42}, {"segmentation": [[574, 139, 574, 159, 600, 159, 600, 139]], "area": 520, "iscrowd": 0, "ignore": 0, "image_id": 20180000016, "bbox": [574, 139, 26, 20], "category_id": 1, "id": 43}, {"segmentation": [[251, 142, 251, 165, 280, 165, 280, 142]], "area": 667, "iscrowd": 0, "ignore": 0, "image_id": 20180000017, "bbox": [251, 142, 29, 23], "category_id": 2, "id": 44}, {"segmentation": [[719, 160, 719, 180, 753, 180, 753, 160]], "area": 680, "iscrowd": 0, "ignore": 0, "image_id": 20180000017, "bbox": [719, 160, 34, 20], "category_id": 2, "id": 45}, {"segmentation": [[118, 156, 118, 181, 151, 181, 151, 156]], "area": 825, "iscrowd": 0, "ignore": 0, "image_id": 20180000018, "bbox": [118, 156, 33, 25], "category_id": 2, "id": 46}, {"segmentation": [[93, 163, 93, 184, 125, 184, 125, 163]], "area": 672, "iscrowd": 0, "ignore": 0, "image_id": 20180000019, "bbox": [93, 163, 32, 21], "category_id": 2, "id": 47}, {"segmentation": [[542, 98, 542, 121, 566, 121, 566, 98]], "area": 552, "iscrowd": 0, "ignore": 0, "image_id": 20180000020, "bbox": [542, 98, 24, 23], "category_id": 1, "id": 48}, {"segmentation": [[73, 161, 73, 190, 116, 190, 116, 161]], "area": 1247, "iscrowd": 0, "ignore": 0, "image_id": 20180000021, "bbox": [73, 161, 43, 29], "category_id": 2, "id": 49}, {"segmentation": [[68, 159, 68, 189, 118, 189, 118, 159]], "area": 1500, "iscrowd": 0, "ignore": 0, "image_id": 20180000022, "bbox": [68, 159, 50, 30], "category_id": 2, "id": 50}, {"segmentation": [[22, 162, 22, 184, 68, 184, 68, 162]], "area": 1012, "iscrowd": 0, "ignore": 0, "image_id": 20180000023, "bbox": [22, 162, 46, 22], "category_id": 2, "id": 51}, {"segmentation": [[537, 138, 537, 167, 568, 167, 568, 138]], "area": 899, "iscrowd": 0, "ignore": 0, "image_id": 20180000023, "bbox": [537, 138, 31, 29], "category_id": 1, "id": 52}, {"segmentation": [[626, 140, 626, 166, 644, 166, 644, 140]], "area": 468, "iscrowd": 0, "ignore": 0, "image_id": 20180000023, "bbox": [626, 140, 18, 26], "category_id": 1, "id": 53}, {"segmentation": [[214, 142, 214, 163, 253, 163, 253, 142]], "area": 819, "iscrowd": 0, "ignore": 0, "image_id": 20180000024, "bbox": [214, 142, 39, 21], "category_id": 2, "id": 54}, {"segmentation": [[597, 117, 597, 144, 624, 144, 624, 117]], "area": 729, "iscrowd": 0, "ignore": 0, "image_id": 20180000024, "bbox": [597, 117, 27, 27], "category_id": 1, "id": 55}, {"segmentation": [[226, 143, 226, 165, 251, 165, 251, 143]], "area": 550, "iscrowd": 0, "ignore": 0, "image_id": 20180000025, "bbox": [226, 143, 25, 22], "category_id": 1, "id": 56}, {"segmentation": [[744, 161, 744, 185, 778, 185, 778, 161]], "area": 816, "iscrowd": 0, "ignore": 0, "image_id": 20180000025, "bbox": [744, 161, 34, 24], "category_id": 2, "id": 57}, {"segmentation": [[541, 100, 541, 124, 568, 124, 568, 100]], "area": 648, "iscrowd": 0, "ignore": 0, "image_id": 20180000026, "bbox": [541, 100, 27, 24], "category_id": 1, "id": 58}, {"segmentation": [[166, 155, 166, 177, 202, 177, 202, 155]], "area": 792, "iscrowd": 0, "ignore": 0, "image_id": 20180000027, "bbox": [166, 155, 36, 22], "category_id": 2, "id": 59}, {"segmentation": [[243, 117, 243, 140, 281, 140, 281, 117]], "area": 874, "iscrowd": 0, "ignore": 0, "image_id": 20180000028, "bbox": [243, 117, 38, 23], "category_id": 2, "id": 60}, {"segmentation": [[555, 105, 555, 122, 579, 122, 579, 105]], "area": 408, "iscrowd": 0, "ignore": 0, "image_id": 20180000028, "bbox": [555, 105, 24, 17], "category_id": 1, "id": 61}, {"segmentation": [[473, 124, 473, 151, 498, 151, 498, 124]], "area": 675, "iscrowd": 0, "ignore": 0, "image_id": 20180000029, "bbox": [473, 124, 25, 27], "category_id": 1, "id": 62}, {"segmentation": [[516, 138, 516, 159, 539, 159, 539, 138]], "area": 483, "iscrowd": 0, "ignore": 0, "image_id": 20180000029, "bbox": [516, 138, 23, 21], "category_id": 1, "id": 63}, {"segmentation": [[633, 144, 633, 167, 678, 167, 678, 144]], "area": 1035, "iscrowd": 0, "ignore": 0, "image_id": 20180000029, "bbox": [633, 144, 45, 23], "category_id": 2, "id": 64}, {"segmentation": [[467, 109, 467, 132, 483, 132, 483, 109]], "area": 368, "iscrowd": 0, "ignore": 0, "image_id": 20180000030, "bbox": [467, 109, 16, 23], "category_id": 1, "id": 65}, {"segmentation": [[568, 143, 568, 170, 601, 170, 601, 143]], "area": 891, "iscrowd": 0, "ignore": 0, "image_id": 20180000030, "bbox": [568, 143, 33, 27], "category_id": 1, "id": 66}, {"segmentation": [[650, 139, 650, 166, 672, 166, 672, 139]], "area": 594, "iscrowd": 0, "ignore": 0, "image_id": 20180000030, "bbox": [650, 139, 22, 27], "category_id": 1, "id": 67}, {"segmentation": [[78, 158, 78, 180, 110, 180, 110, 158]], "area": 704, "iscrowd": 0, "ignore": 0, "image_id": 20180000031, "bbox": [78, 158, 32, 22], "category_id": 2, "id": 68}, {"segmentation": [[437, 109, 437, 134, 459, 134, 459, 109]], "area": 550, "iscrowd": 0, "ignore": 0, "image_id": 20180000031, "bbox": [437, 109, 22, 25], "category_id": 1, "id": 69}, {"segmentation": [[537, 126, 537, 153, 572, 153, 572, 126]], "area": 945, "iscrowd": 0, "ignore": 0, "image_id": 20180000031, "bbox": [537, 126, 35, 27], "category_id": 1, "id": 70}, {"segmentation": [[618, 125, 618, 148, 641, 148, 641, 125]], "area": 529, "iscrowd": 0, "ignore": 0, "image_id": 20180000031, "bbox": [618, 125, 23, 23], "category_id": 1, "id": 71}, {"segmentation": [[189, 131, 189, 158, 221, 158, 221, 131]], "area": 864, "iscrowd": 0, "ignore": 0, "image_id": 20180000032, "bbox": [189, 131, 32, 27], "category_id": 2, "id": 72}, {"segmentation": [[734, 151, 734, 174, 756, 174, 756, 151]], "area": 506, "iscrowd": 0, "ignore": 0, "image_id": 20180000032, "bbox": [734, 151, 22, 23], "category_id": 1, "id": 73}, {"segmentation": [[214, 143, 214, 164, 234, 164, 234, 143]], "area": 420, "iscrowd": 0, "ignore": 0, "image_id": 20180000033, "bbox": [214, 143, 20, 21], "category_id": 1, "id": 74}, {"segmentation": [[758, 164, 758, 190, 791, 190, 791, 164]], "area": 858, "iscrowd": 0, "ignore": 0, "image_id": 20180000033, "bbox": [758, 164, 33, 26], "category_id": 2, "id": 75}], "categories": [{"supercategory": "none", "id": 1, "name": "sitting"}, {"supercategory": "none", "id": 2, "name": "paddling"}, {"supercategory": "none", "id": 3, "name": "riding left"}, {"supercategory": "none", "id": 4, "name": "riding right"}]}