<annotation>
	<folder>banyans_surf</folder>
	<filename>vlcsnap-00022.jpg</filename>
	<path>C:\Users\ocean\Desktop\banyans_surf\vlcsnap-00022.jpg</path>
	<source>
		<database>Unknown</database>
	</source>
	<size>
		<width>800</width>
		<height>450</height>
		<depth>1</depth>
	</size>
	<segmented>0</segmented>
	<object>
		<name>paddling</name>
		<pose>Unspecified</pose>
		<truncated>0</truncated>
		<difficult>0</difficult>
		<bndbox>
			<xmin>56</xmin>
			<ymin>162</ymin>
			<xmax>90</xmax>
			<ymax>188</ymax>
		</bndbox>
	</object>
	<object>
		<name>sitting</name>
		<pose>Unspecified</pose>
		<truncated>0</truncated>
		<difficult>0</difficult>
		<bndbox>
			<xmin>546</xmin>
			<ymin>138</ymin>
			<xmax>581</xmax>
			<ymax>167</ymax>
		</bndbox>
	</object>
	<object>
		<name>sitting</name>
		<pose>Unspecified</pose>
		<truncated>0</truncated>
		<difficult>0</difficult>
		<bndbox>
			<xmin>436</xmin>
			<ymin>107</ymin>
			<xmax>463</xmax>
			<ymax>126</ymax>
		</bndbox>
	</object>
	<object>
		<name>sitting</name>
		<pose>Unspecified</pose>
		<truncated>0</truncated>
		<difficult>0</difficult>
		<bndbox>
			<xmin>626</xmin>
			<ymin>134</ymin>
			<xmax>652</xmax>
			<ymax>159</ymax>
		</bndbox>
	</object>
</annotation>
