<annotation>
	<folder>banyans_surf</folder>
	<filename>vlcsnap-00014.jpg</filename>
	<path>C:\Users\ocean\Desktop\banyans_surf\vlcsnap-00014.jpg</path>
	<source>
		<database>Unknown</database>
	</source>
	<size>
		<width>800</width>
		<height>450</height>
		<depth>1</depth>
	</size>
	<segmented>0</segmented>
	<object>
		<name>sitting</name>
		<pose>Unspecified</pose>
		<truncated>0</truncated>
		<difficult>0</difficult>
		<bndbox>
			<xmin>305</xmin>
			<ymin>113</ymin>
			<xmax>334</xmax>
			<ymax>133</ymax>
		</bndbox>
	</object>
	<object>
		<name>paddling</name>
		<pose>Unspecified</pose>
		<truncated>0</truncated>
		<difficult>0</difficult>
		<bndbox>
			<xmin>672</xmin>
			<ymin>174</ymin>
			<xmax>705</xmax>
			<ymax>197</ymax>
		</bndbox>
	</object>
	<object>
		<name>paddling</name>
		<pose>Unspecified</pose>
		<truncated>0</truncated>
		<difficult>0</difficult>
		<bndbox>
			<xmin>695</xmin>
			<ymin>128</ymin>
			<xmax>730</xmax>
			<ymax>151</ymax>
		</bndbox>
	</object>
</annotation>
