<annotation>
	<folder>banyans_surf</folder>
	<filename>vlcsnap-00017.jpg</filename>
	<path>C:\Users\ocean\Desktop\banyans_surf\vlcsnap-00017.jpg</path>
	<source>
		<database>Unknown</database>
	</source>
	<size>
		<width>800</width>
		<height>450</height>
		<depth>1</depth>
	</size>
	<segmented>0</segmented>
	<object>
		<name>sitting</name>
		<pose>Unspecified</pose>
		<truncated>0</truncated>
		<difficult>0</difficult>
		<bndbox>
			<xmin>473</xmin>
			<ymin>124</ymin>
			<xmax>498</xmax>
			<ymax>151</ymax>
		</bndbox>
	</object>
	<object>
		<name>sitting</name>
		<pose>Unspecified</pose>
		<truncated>0</truncated>
		<difficult>0</difficult>
		<bndbox>
			<xmin>516</xmin>
			<ymin>138</ymin>
			<xmax>539</xmax>
			<ymax>159</ymax>
		</bndbox>
	</object>
	<object>
		<name>paddling</name>
		<pose>Unspecified</pose>
		<truncated>0</truncated>
		<difficult>0</difficult>
		<bndbox>
			<xmin>633</xmin>
			<ymin>144</ymin>
			<xmax>678</xmax>
			<ymax>167</ymax>
		</bndbox>
	</object>
</annotation>
