<annotation>
	<folder>banyans_surf</folder>
	<filename>vlcsnap-00002.jpg</filename>
	<path>C:\Users\ocean\Desktop\banyans_surf\vlcsnap-00002.jpg</path>
	<source>
		<database>Unknown</database>
	</source>
	<size>
		<width>800</width>
		<height>450</height>
		<depth>1</depth>
	</size>
	<segmented>0</segmented>
	<object>
		<name>riding left</name>
		<pose>Unspecified</pose>
		<truncated>0</truncated>
		<difficult>0</difficult>
		<bndbox>
			<xmin>606</xmin>
			<ymin>290</ymin>
			<xmax>660</xmax>
			<ymax>354</ymax>
		</bndbox>
	</object>
</annotation>
