<annotation>
	<folder>banyans_surf</folder>
	<filename>vlcsnap-00025.jpg</filename>
	<path>C:\Users\ocean\Desktop\banyans_surf\vlcsnap-00025.jpg</path>
	<source>
		<database>Unknown</database>
	</source>
	<size>
		<width>800</width>
		<height>450</height>
		<depth>1</depth>
	</size>
	<segmented>0</segmented>
	<object>
		<name>sitting</name>
		<pose>Unspecified</pose>
		<truncated>0</truncated>
		<difficult>0</difficult>
		<bndbox>
			<xmin>432</xmin>
			<ymin>117</ymin>
			<xmax>459</xmax>
			<ymax>139</ymax>
		</bndbox>
	</object>
	<object>
		<name>sitting</name>
		<pose>Unspecified</pose>
		<truncated>0</truncated>
		<difficult>0</difficult>
		<bndbox>
			<xmin>526</xmin>
			<ymin>133</ymin>
			<xmax>556</xmax>
			<ymax>156</ymax>
		</bndbox>
	</object>
	<object>
		<name>sitting</name>
		<pose>Unspecified</pose>
		<truncated>0</truncated>
		<difficult>0</difficult>
		<bndbox>
			<xmin>605</xmin>
			<ymin>134</ymin>
			<xmax>628</xmax>
			<ymax>157</ymax>
		</bndbox>
	</object>
</annotation>
