<annotation>
	<folder>banyans_surf</folder>
	<filename>vlcsnap-00031.jpg</filename>
	<path>C:\Users\ocean\Desktop\banyans_surf\vlcsnap-00031.jpg</path>
	<source>
		<database>Unknown</database>
	</source>
	<size>
		<width>800</width>
		<height>450</height>
		<depth>1</depth>
	</size>
	<segmented>0</segmented>
	<object>
		<name>paddling</name>
		<pose>Unspecified</pose>
		<truncated>0</truncated>
		<difficult>0</difficult>
		<bndbox>
			<xmin>323</xmin>
			<ymin>132</ymin>
			<xmax>366</xmax>
			<ymax>155</ymax>
		</bndbox>
	</object>
	<object>
		<name>sitting</name>
		<pose>Unspecified</pose>
		<truncated>0</truncated>
		<difficult>0</difficult>
		<bndbox>
			<xmin>559</xmin>
			<ymin>110</ymin>
			<xmax>580</xmax>
			<ymax>137</ymax>
		</bndbox>
	</object>
	<object>
		<name>sitting</name>
		<pose>Unspecified</pose>
		<truncated>0</truncated>
		<difficult>0</difficult>
		<bndbox>
			<xmin>608</xmin>
			<ymin>126</ymin>
			<xmax>632</xmax>
			<ymax>151</ymax>
		</bndbox>
	</object>
	<object>
		<name>paddling</name>
		<pose>Unspecified</pose>
		<truncated>0</truncated>
		<difficult>0</difficult>
		<bndbox>
			<xmin>700</xmin>
			<ymin>147</ymin>
			<xmax>747</xmax>
			<ymax>168</ymax>
		</bndbox>
	</object>
</annotation>
