<annotation>
	<folder>banyans_surf</folder>
	<filename>vlcsnap-00021.jpg</filename>
	<path>C:\Users\ocean\Desktop\banyans_surf\vlcsnap-00021.jpg</path>
	<source>
		<database>Unknown</database>
	</source>
	<size>
		<width>800</width>
		<height>450</height>
		<depth>1</depth>
	</size>
	<segmented>0</segmented>
	<object>
		<name>paddling</name>
		<pose>Unspecified</pose>
		<truncated>0</truncated>
		<difficult>0</difficult>
		<bndbox>
			<xmin>22</xmin>
			<ymin>162</ymin>
			<xmax>68</xmax>
			<ymax>184</ymax>
		</bndbox>
	</object>
	<object>
		<name>sitting</name>
		<pose>Unspecified</pose>
		<truncated>0</truncated>
		<difficult>0</difficult>
		<bndbox>
			<xmin>537</xmin>
			<ymin>138</ymin>
			<xmax>568</xmax>
			<ymax>167</ymax>
		</bndbox>
	</object>
	<object>
		<name>sitting</name>
		<pose>Unspecified</pose>
		<truncated>0</truncated>
		<difficult>0</difficult>
		<bndbox>
			<xmin>626</xmin>
			<ymin>140</ymin>
			<xmax>644</xmax>
			<ymax>166</ymax>
		</bndbox>
	</object>
</annotation>
