<annotation>
	<folder>banyans_surf</folder>
	<filename>vlcsnap-00018.jpg</filename>
	<path>C:\Users\ocean\Desktop\banyans_surf\vlcsnap-00018.jpg</path>
	<source>
		<database>Unknown</database>
	</source>
	<size>
		<width>800</width>
		<height>450</height>
		<depth>1</depth>
	</size>
	<segmented>0</segmented>
	<object>
		<name>sitting</name>
		<pose>Unspecified</pose>
		<truncated>0</truncated>
		<difficult>0</difficult>
		<bndbox>
			<xmin>464</xmin>
			<ymin>119</ymin>
			<xmax>493</xmax>
			<ymax>142</ymax>
		</bndbox>
	</object>
	<object>
		<name>sitting</name>
		<pose>Unspecified</pose>
		<truncated>0</truncated>
		<difficult>0</difficult>
		<bndbox>
			<xmin>643</xmin>
			<ymin>147</ymin>
			<xmax>672</xmax>
			<ymax>174</ymax>
		</bndbox>
	</object>
	<object>
		<name>paddling</name>
		<pose>Unspecified</pose>
		<truncated>0</truncated>
		<difficult>0</difficult>
		<bndbox>
			<xmin>551</xmin>
			<ymin>146</ymin>
			<xmax>585</xmax>
			<ymax>168</ymax>
		</bndbox>
	</object>
</annotation>
