<annotation>
	<folder>banyans_surf</folder>
	<filename>vlcsnap-00009.jpg</filename>
	<path>C:\Users\ocean\Desktop\banyans_surf\vlcsnap-00009.jpg</path>
	<source>
		<database>Unknown</database>
	</source>
	<size>
		<width>800</width>
		<height>450</height>
		<depth>1</depth>
	</size>
	<segmented>0</segmented>
	<object>
		<name>paddling</name>
		<pose>Unspecified</pose>
		<truncated>0</truncated>
		<difficult>0</difficult>
		<bndbox>
			<xmin>189</xmin>
			<ymin>131</ymin>
			<xmax>221</xmax>
			<ymax>158</ymax>
		</bndbox>
	</object>
	<object>
		<name>sitting</name>
		<pose>Unspecified</pose>
		<truncated>0</truncated>
		<difficult>0</difficult>
		<bndbox>
			<xmin>734</xmin>
			<ymin>151</ymin>
			<xmax>756</xmax>
			<ymax>174</ymax>
		</bndbox>
	</object>
</annotation>
