<annotation>
	<folder>banyans_surf</folder>
	<filename>vlcsnap-00012.jpg</filename>
	<path>C:\Users\ocean\Desktop\banyans_surf\vlcsnap-00012.jpg</path>
	<source>
		<database>Unknown</database>
	</source>
	<size>
		<width>800</width>
		<height>450</height>
		<depth>1</depth>
	</size>
	<segmented>0</segmented>
	<object>
		<name>paddling</name>
		<pose>Unspecified</pose>
		<truncated>0</truncated>
		<difficult>0</difficult>
		<bndbox>
			<xmin>251</xmin>
			<ymin>142</ymin>
			<xmax>280</xmax>
			<ymax>165</ymax>
		</bndbox>
	</object>
	<object>
		<name>paddling</name>
		<pose>Unspecified</pose>
		<truncated>0</truncated>
		<difficult>0</difficult>
		<bndbox>
			<xmin>719</xmin>
			<ymin>160</ymin>
			<xmax>753</xmax>
			<ymax>180</ymax>
		</bndbox>
	</object>
</annotation>
