<annotation>
	<folder>banyans_surf</folder>
	<filename>vlcsnap-00034.jpg</filename>
	<path>C:\Users\ocean\Desktop\banyans_surf\vlcsnap-00034.jpg</path>
	<source>
		<database>Unknown</database>
	</source>
	<size>
		<width>800</width>
		<height>450</height>
		<depth>1</depth>
	</size>
	<segmented>0</segmented>
	<object>
		<name>sitting</name>
		<pose>Unspecified</pose>
		<truncated>0</truncated>
		<difficult>0</difficult>
		<bndbox>
			<xmin>547</xmin>
			<ymin>104</ymin>
			<xmax>573</xmax>
			<ymax>126</ymax>
		</bndbox>
	</object>
	<object>
		<name>riding right</name>
		<pose>Unspecified</pose>
		<truncated>0</truncated>
		<difficult>0</difficult>
		<bndbox>
			<xmin>141</xmin>
			<ymin>133</ymin>
			<xmax>181</xmax>
			<ymax>167</ymax>
		</bndbox>
	</object>
	<object>
		<name>riding left</name>
		<pose>Unspecified</pose>
		<truncated>0</truncated>
		<difficult>0</difficult>
		<bndbox>
			<xmin>582</xmin>
			<ymin>145</ymin>
			<xmax>615</xmax>
			<ymax>187</ymax>
		</bndbox>
	</object>
</annotation>
