<annotation>
	<folder>banyans_surf</folder>
	<filename>vlcsnap-00030.jpg</filename>
	<path>C:\Users\ocean\Desktop\banyans_surf\vlcsnap-00030.jpg</path>
	<source>
		<database>Unknown</database>
	</source>
	<size>
		<width>800</width>
		<height>450</height>
		<depth>1</depth>
	</size>
	<segmented>0</segmented>
	<object>
		<name>paddling</name>
		<pose>Unspecified</pose>
		<truncated>0</truncated>
		<difficult>0</difficult>
		<bndbox>
			<xmin>243</xmin>
			<ymin>117</ymin>
			<xmax>281</xmax>
			<ymax>140</ymax>
		</bndbox>
	</object>
	<object>
		<name>sitting</name>
		<pose>Unspecified</pose>
		<truncated>0</truncated>
		<difficult>0</difficult>
		<bndbox>
			<xmin>555</xmin>
			<ymin>105</ymin>
			<xmax>579</xmax>
			<ymax>122</ymax>
		</bndbox>
	</object>
</annotation>
