<annotation>
	<folder>banyans_surf</folder>
	<filename>vlcsnap-00023.jpg</filename>
	<path>C:\Users\ocean\Desktop\banyans_surf\vlcsnap-00023.jpg</path>
	<source>
		<database>Unknown</database>
	</source>
	<size>
		<width>800</width>
		<height>450</height>
		<depth>1</depth>
	</size>
	<segmented>0</segmented>
	<object>
		<name>paddling</name>
		<pose>Unspecified</pose>
		<truncated>0</truncated>
		<difficult>0</difficult>
		<bndbox>
			<xmin>78</xmin>
			<ymin>158</ymin>
			<xmax>110</xmax>
			<ymax>180</ymax>
		</bndbox>
	</object>
	<object>
		<name>sitting</name>
		<pose>Unspecified</pose>
		<truncated>0</truncated>
		<difficult>0</difficult>
		<bndbox>
			<xmin>437</xmin>
			<ymin>109</ymin>
			<xmax>459</xmax>
			<ymax>134</ymax>
		</bndbox>
	</object>
	<object>
		<name>sitting</name>
		<pose>Unspecified</pose>
		<truncated>0</truncated>
		<difficult>0</difficult>
		<bndbox>
			<xmin>537</xmin>
			<ymin>126</ymin>
			<xmax>572</xmax>
			<ymax>153</ymax>
		</bndbox>
	</object>
	<object>
		<name>sitting</name>
		<pose>Unspecified</pose>
		<truncated>0</truncated>
		<difficult>0</difficult>
		<bndbox>
			<xmin>618</xmin>
			<ymin>125</ymin>
			<xmax>641</xmax>
			<ymax>148</ymax>
		</bndbox>
	</object>
</annotation>
