<annotation>
	<folder>banyans_surf</folder>
	<filename>vlcsnap-00013.jpg</filename>
	<path>C:\Users\ocean\Desktop\banyans_surf\vlcsnap-00013.jpg</path>
	<source>
		<database>Unknown</database>
	</source>
	<size>
		<width>800</width>
		<height>450</height>
		<depth>1</depth>
	</size>
	<segmented>0</segmented>
	<object>
		<name>paddling</name>
		<pose>Unspecified</pose>
		<truncated>0</truncated>
		<difficult>0</difficult>
		<bndbox>
			<xmin>679</xmin>
			<ymin>172</ymin>
			<xmax>727</xmax>
			<ymax>199</ymax>
		</bndbox>
	</object>
	<object>
		<name>paddling</name>
		<pose>Unspecified</pose>
		<truncated>0</truncated>
		<difficult>0</difficult>
		<bndbox>
			<xmin>714</xmin>
			<ymin>147</ymin>
			<xmax>748</xmax>
			<ymax>167</ymax>
		</bndbox>
	</object>
</annotation>
