<annotation>
	<folder>banyans_surf</folder>
	<filename>vlcsnap-00010.jpg</filename>
	<path>C:\Users\ocean\Desktop\banyans_surf\vlcsnap-00010.jpg</path>
	<source>
		<database>Unknown</database>
	</source>
	<size>
		<width>800</width>
		<height>450</height>
		<depth>1</depth>
	</size>
	<segmented>0</segmented>
	<object>
		<name>sitting</name>
		<pose>Unspecified</pose>
		<truncated>0</truncated>
		<difficult>0</difficult>
		<bndbox>
			<xmin>214</xmin>
			<ymin>143</ymin>
			<xmax>234</xmax>
			<ymax>164</ymax>
		</bndbox>
	</object>
	<object>
		<name>paddling</name>
		<pose>Unspecified</pose>
		<truncated>0</truncated>
		<difficult>0</difficult>
		<bndbox>
			<xmin>758</xmin>
			<ymin>164</ymin>
			<xmax>791</xmax>
			<ymax>190</ymax>
		</bndbox>
	</object>
</annotation>
