<annotation>
	<folder>banyans_surf</folder>
	<filename>vlcsnap-00028.jpg</filename>
	<path>C:\Users\ocean\Desktop\banyans_surf\vlcsnap-00028.jpg</path>
	<source>
		<database>Unknown</database>
	</source>
	<size>
		<width>800</width>
		<height>450</height>
		<depth>1</depth>
	</size>
	<segmented>0</segmented>
	<object>
		<name>paddling</name>
		<pose>Unspecified</pose>
		<truncated>0</truncated>
		<difficult>0</difficult>
		<bndbox>
			<xmin>214</xmin>
			<ymin>142</ymin>
			<xmax>253</xmax>
			<ymax>163</ymax>
		</bndbox>
	</object>
	<object>
		<name>sitting</name>
		<pose>Unspecified</pose>
		<truncated>0</truncated>
		<difficult>0</difficult>
		<bndbox>
			<xmin>597</xmin>
			<ymin>117</ymin>
			<xmax>624</xmax>
			<ymax>144</ymax>
		</bndbox>
	</object>
</annotation>
