<annotation>
	<folder>banyans_surf</folder>
	<filename>vlcsnap-00027.jpg</filename>
	<path>C:\Users\ocean\Desktop\banyans_surf\vlcsnap-00027.jpg</path>
	<source>
		<database>Unknown</database>
	</source>
	<size>
		<width>800</width>
		<height>450</height>
		<depth>1</depth>
	</size>
	<segmented>0</segmented>
	<object>
		<name>paddling</name>
		<pose>Unspecified</pose>
		<truncated>0</truncated>
		<difficult>0</difficult>
		<bndbox>
			<xmin>170</xmin>
			<ymin>148</ymin>
			<xmax>209</xmax>
			<ymax>170</ymax>
		</bndbox>
	</object>
	<object>
		<name>paddling</name>
		<pose>Unspecified</pose>
		<truncated>0</truncated>
		<difficult>0</difficult>
		<bndbox>
			<xmin>637</xmin>
			<ymin>142</ymin>
			<xmax>680</xmax>
			<ymax>163</ymax>
		</bndbox>
	</object>
	<object>
		<name>sitting</name>
		<pose>Unspecified</pose>
		<truncated>0</truncated>
		<difficult>0</difficult>
		<bndbox>
			<xmin>574</xmin>
			<ymin>139</ymin>
			<xmax>600</xmax>
			<ymax>159</ymax>
		</bndbox>
	</object>
</annotation>
