<annotation>
	<folder>banyans_surf</folder>
	<filename>vlcsnap-00035.jpg</filename>
	<path>C:\Users\ocean\Desktop\banyans_surf\vlcsnap-00035.jpg</path>
	<source>
		<database>Unknown</database>
	</source>
	<size>
		<width>800</width>
		<height>450</height>
		<depth>1</depth>
	</size>
	<segmented>0</segmented>
	<object>
		<name>sitting</name>
		<pose>Unspecified</pose>
		<truncated>0</truncated>
		<difficult>0</difficult>
		<bndbox>
			<xmin>543</xmin>
			<ymin>101</ymin>
			<xmax>572</xmax>
			<ymax>125</ymax>
		</bndbox>
	</object>
	<object>
		<name>riding right</name>
		<pose>Unspecified</pose>
		<truncated>0</truncated>
		<difficult>0</difficult>
		<bndbox>
			<xmin>42</xmin>
			<ymin>135</ymin>
			<xmax>100</xmax>
			<ymax>177</ymax>
		</bndbox>
	</object>
	<object>
		<name>riding left</name>
		<pose>Unspecified</pose>
		<truncated>0</truncated>
		<difficult>0</difficult>
		<bndbox>
			<xmin>615</xmin>
			<ymin>155</ymin>
			<xmax>655</xmax>
			<ymax>196</ymax>
		</bndbox>
	</object>
</annotation>
