<annotation>
	<folder>banyans_surf</folder>
	<filename>vlcsnap-00019.jpg</filename>
	<path>C:\Users\ocean\Desktop\banyans_surf\vlcsnap-00019.jpg</path>
	<source>
		<database>Unknown</database>
	</source>
	<size>
		<width>800</width>
		<height>450</height>
		<depth>1</depth>
	</size>
	<segmented>0</segmented>
	<object>
		<name>sitting</name>
		<pose>Unspecified</pose>
		<truncated>0</truncated>
		<difficult>0</difficult>
		<bndbox>
			<xmin>467</xmin>
			<ymin>109</ymin>
			<xmax>483</xmax>
			<ymax>132</ymax>
		</bndbox>
	</object>
	<object>
		<name>sitting</name>
		<pose>Unspecified</pose>
		<truncated>0</truncated>
		<difficult>0</difficult>
		<bndbox>
			<xmin>568</xmin>
			<ymin>143</ymin>
			<xmax>601</xmax>
			<ymax>170</ymax>
		</bndbox>
	</object>
	<object>
		<name>sitting</name>
		<pose>Unspecified</pose>
		<truncated>0</truncated>
		<difficult>0</difficult>
		<bndbox>
			<xmin>650</xmin>
			<ymin>139</ymin>
			<xmax>672</xmax>
			<ymax>166</ymax>
		</bndbox>
	</object>
</annotation>
