<annotation>
	<folder>banyans_surf</folder>
	<filename>vlcsnap-00011.jpg</filename>
	<path>C:\Users\ocean\Desktop\banyans_surf\vlcsnap-00011.jpg</path>
	<source>
		<database>Unknown</database>
	</source>
	<size>
		<width>800</width>
		<height>450</height>
		<depth>1</depth>
	</size>
	<segmented>0</segmented>
	<object>
		<name>sitting</name>
		<pose>Unspecified</pose>
		<truncated>0</truncated>
		<difficult>0</difficult>
		<bndbox>
			<xmin>226</xmin>
			<ymin>143</ymin>
			<xmax>251</xmax>
			<ymax>165</ymax>
		</bndbox>
	</object>
	<object>
		<name>paddling</name>
		<pose>Unspecified</pose>
		<truncated>0</truncated>
		<difficult>0</difficult>
		<bndbox>
			<xmin>744</xmin>
			<ymin>161</ymin>
			<xmax>778</xmax>
			<ymax>185</ymax>
		</bndbox>
	</object>
</annotation>
