<annotation>
	<folder>banyans_surf</folder>
	<filename>vlcsnap-00029.jpg</filename>
	<path>C:\Users\ocean\Desktop\banyans_surf\vlcsnap-00029.jpg</path>
	<source>
		<database>Unknown</database>
	</source>
	<size>
		<width>800</width>
		<height>450</height>
		<depth>1</depth>
	</size>
	<segmented>0</segmented>
	<object>
		<name>paddling</name>
		<pose>Unspecified</pose>
		<truncated>0</truncated>
		<difficult>0</difficult>
		<bndbox>
			<xmin>234</xmin>
			<ymin>130</ymin>
			<xmax>271</xmax>
			<ymax>153</ymax>
		</bndbox>
	</object>
	<object>
		<name>sitting</name>
		<pose>Unspecified</pose>
		<truncated>0</truncated>
		<difficult>0</difficult>
		<bndbox>
			<xmin>591</xmin>
			<ymin>97</ymin>
			<xmax>620</xmax>
			<ymax>119</ymax>
		</bndbox>
	</object>
</annotation>
