<annotation>
	<folder>banyans_surf</folder>
	<filename>vlcsnap-00020.jpg</filename>
	<path>C:\Users\ocean\Desktop\banyans_surf\vlcsnap-00020.jpg</path>
	<source>
		<database>Unknown</database>
	</source>
	<size>
		<width>800</width>
		<height>450</height>
		<depth>1</depth>
	</size>
	<segmented>0</segmented>
	<object>
		<name>sitting</name>
		<pose>Unspecified</pose>
		<truncated>0</truncated>
		<difficult>0</difficult>
		<bndbox>
			<xmin>441</xmin>
			<ymin>122</ymin>
			<xmax>472</xmax>
			<ymax>145</ymax>
		</bndbox>
	</object>
	<object>
		<name>sitting</name>
		<pose>Unspecified</pose>
		<truncated>0</truncated>
		<difficult>0</difficult>
		<bndbox>
			<xmin>539</xmin>
			<ymin>141</ymin>
			<xmax>561</xmax>
			<ymax>167</ymax>
		</bndbox>
	</object>
	<object>
		<name>sitting</name>
		<pose>Unspecified</pose>
		<truncated>0</truncated>
		<difficult>0</difficult>
		<bndbox>
			<xmin>618</xmin>
			<ymin>141</ymin>
			<xmax>637</xmax>
			<ymax>164</ymax>
		</bndbox>
	</object>
</annotation>
